melhorar,cluster,micro
Consertem o ranking,Geral,Plataforma
"O que eu achava que podia melhorar era em relação a contagem de horas/porcentagem do conteúdo os slots, mas o Breno apresentou mudanças na página, ficando bem melhor do que eu queria. ",-,-
TUDO TOP,-,-
No momento sem comentários.,-,-
"No momento, todas as questões que eu achava que poderiam melhorar da IP 1.0 pra 2.0 foram melhoradas (melhor distribuição de conteúdo pra não ficar tão corrido, dinâmicas mais desafiadoras)",-,-
N/A,-,-
O curso exige Muito para ser bem feito. É praticamente impossível conciliar para qualquer pessoa que trabalhe,Slot,Carga Horária
.,-,-
"Aproveitando todas as melhorias na plataforma das aulas eu sinto falta de um ""botão"" onde podemos deixar uma aula rodar automaticamente após o final da aula anterior, sem precisar ficar selecionando aula por aula para poder assistir. Não sei se já estão pensando nisso, mas pra mim é um ponto que seria bem bacana se tivesse. No mais por enquanto está bom, as melhorias estão muito bacanas.",Geral,Plataforma
"Gostaria de ver mais aplicações, falamos geralmente sempre dos mesmos exemplos.",Day,Conteúdo
"Somente sobre os termos , muitas pessoas não estão acostumado com os termos em inglês, talves durante da uma explicada. Exemplo se for falar da sprint o que é sprint?",Geral,Comunicação
por enquanto ta perfeito,-,-
"Manter os grupos de projeto para dinâmica,  isso ia ajudar no projeto real",Day,Estrutura
"gostei das duvidas pontuais, porém não acho que o day seja para conversar dos projetos pontuais, tem mentoria para isso",Day,Estrutura
Tempo dos days longos,Day,Carga Horária
desnecessário tantas horas repetindo a mesma coisa q assistimos nos videos,Day,Carga Horária
"O day de hoje foi muito extenso, se torna cansativo quando vai até as 18:00. 
",Day,Carga Horária
"O compromisso com o tempo juntamente com a pausa de 2hrs para almoçar 
",Day,Carga Horária
"- Alguns erros da plataforma, mas acredito que houve uma melhora do slot 2 pro slot 3

",Geral,Plataforma
"- Na aula de hoje, descobri algo do SIPOC que não tinha ficado claro para o meu grupo nas aulas. Por isso, algumas coisas acredito que precisam ficar mais claras. 
",Slot,Estrutura
"- As entregas para o slot 4 não ficaram muito bem organizadas, não tem nenhum documento que temos que entregar que analisa as causas do erro no processo. Claro que podemos fazer isso a parte, mas acredito que precisamos entregar isso pra DNC. 
",Slot,Materiais
Podem melhorar nso bugs da plataforma. O curso foi redesenhado e muitas coisas estão com nomes errados e materiais errados,Geral,Plataforma
Podem melhorar nso bugs da plataforma. O curso foi redesenhado e muitas coisas estão com nomes errados e materiais errados,Slot,Materiais
"não há pontos a melhorar
",-,-
"No momento, otimizar os recursos que dependem da integrações de DBs e APIs que foram disponibilizados. Nesse exemplo, enquadram-se ranking, presenças e afins.

Além disso, revisar parâmetros de correção. Nesse ponto cabem algumas observações importantes: ao restringir os critérios de correção a um gabarito listado, o comportamento dos alunos tende a ser nivelado por baixo, restringindo seu raciocínio analítico e buscando se enquadrar nos critérios exigidos. É um risco no resultado global do curso a longo prazo, considerando o momento de expansão da escola. Garantir que corretores não estejam sobrecarregados, de forma com que possam corrigir assignments e deliverables baseado no raciocínio dos alunos, ao invés de um guia de certo x errado (o que não necessariamente existe na prática do mundo real). Caso contrário, essa parte de correção seguirá exatamente a mesma lógica de instituições tradicionais de ensino, nas quais os gabaritos são direcionados a monitores e ocorre um acúmulo desproporcional de correções imprecisas.",Geral,Plataforma
"No momento, otimizar os recursos que dependem da integrações de DBs e APIs que foram disponibilizados. Nesse exemplo, enquadram-se ranking, presenças e afins.

Além disso, revisar parâmetros de correção. Nesse ponto cabem algumas observações importantes: ao restringir os critérios de correção a um gabarito listado, o comportamento dos alunos tende a ser nivelado por baixo, restringindo seu raciocínio analítico e buscando se enquadrar nos critérios exigidos. É um risco no resultado global do curso a longo prazo, considerando o momento de expansão da escola. Garantir que corretores não estejam sobrecarregados, de forma com que possam corrigir assignments e deliverables baseado no raciocínio dos alunos, ao invés de um guia de certo x errado (o que não necessariamente existe na prática do mundo real). Caso contrário, essa parte de correção seguirá exatamente a mesma lógica de instituições tradicionais de ensino, nas quais os gabaritos são direcionados a monitores e ocorre um acúmulo desproporcional de correções imprecisas.",Slot,Assignment
"Sei que a plataforma está passando por varias alterações e melhorias
E isso é muito legal
Mas a parte do ranking ainda vai me fazer infartar
Ainda não tirei os olhos no pódio e esse ranking tá matando meu sonho",Geral,Plataforma
"Acompanhamento individual do grupo do projeto, além das mentorias em grupo. O nosso grupo perdeu várias pessoas e algumas não estão entregam como deveriam, isso dificulta o desenvolvimento do projeto. Se houvesse este acompanhamento facilitaria a visão dos consultores da dnc. 
A dificuldade que senti nestes últimos slots, é as dinâmicas sobre os assuntos serem depois da entrega. Alguns pontos ficam claros apenas depois dos Days. ",Projeto,Suporte projeto
"Acompanhamento individual do grupo do projeto, além das mentorias em grupo. O nosso grupo perdeu várias pessoas e algumas não estão entregam como deveriam, isso dificulta o desenvolvimento do projeto. Se houvesse este acompanhamento facilitaria a visão dos consultores da dnc. 
A dificuldade que senti nestes últimos slots, é as dinâmicas sobre os assuntos serem depois da entrega. Alguns pontos ficam claros apenas depois dos Days. ",Slot,Estrutura
-,-,-
"Na execução do SIPOC, nas videos aulas não ficou tão claro a questão de mensurar os imputs como explicado pelo Breno na Day de hoje. ",Slot,Estrutura
Por enquanto não tenho pontos de melhoria.,-,-
"Acho que podia durar um pouco mais, esta dificil de acompanhar",Day,Carga Horária
Maior velocidade nas respostas do slack,Geral,Suporte dnc
"Gostaria de uma visão melhor sobre os feedbacks no dnc.score, no nosso dashboard só aparece do nosso grupo oficial e não o das dinâmicas dos days. ",Geral,Plataforma
.,-,-
até agora estou gostando,-,-
.,-,-
.,-,-
.,-,-
.,-,-
Não tenho comentários a fazer,-,-
Deixar mais tempo entre os Slots..,Slot,Carga Horária
n/a,-,-
"O conteúdo das aulas com exemplo em áreas diferentes.
Nesse slot ficou bem confuso em relação ao SIPOC.",Slot,Estrutura
"Abreviar as falas e apresentações nos days, pois chega no final do dia já estamos cansados. Muitas vezes ficam repetindo informações, o que acaba sendo desnecessário. Ter a meta de liberar no máximo às 18h.",Day,Carga Horária
Não veio nada em mente dessa vez.,-,-
Essas aulas longas,Day,Carga Horária
O tempo dessa dinâmica ja foi melhor.,Day,Dinâmica
bom,-,-
"- Sistema de pontuação e ranking é inconsistente. É necessário uma boa reformulação deste processo, vejo muito alunos com a mesma reclamação.

- Poderia ter um facilitador (ouvinte) em algumas calls com o cliente, para dar um feedback de direcionamento para o grupo.

- Os documentos de auxilio para download (imagens e pdf's) estão vindo com baixa qualidade. Por exemplo, no Mapa de Processo, não é possível enxergar com clareza as informações do diagrama.

- Controles nas vídeo aulas:  botões de avanço e retorno ( avança 10s / retorna 10s)

- Os documentos do Deliverable poderiam ser entregues separados, não tudo no mesmo arquivo PDF! Por exemplo: Formulário de perguntas em um, parte do projeto em outros arquivos, tudo dentro de uma pasta .zip . Isso facilitaria a separação das etapas com a equipe, sem precisar unir tudo, sem correr o risco de perder as formatações e ter que editar tudo de novo rs.",Geral,Plataforma
"- Sistema de pontuação e ranking é inconsistente. É necessário uma boa reformulação deste processo, vejo muito alunos com a mesma reclamação.

- Poderia ter um facilitador (ouvinte) em algumas calls com o cliente, para dar um feedback de direcionamento para o grupo.

- Os documentos de auxilio para download (imagens e pdf's) estão vindo com baixa qualidade. Por exemplo, no Mapa de Processo, não é possível enxergar com clareza as informações do diagrama.

- Controles nas vídeo aulas:  botões de avanço e retorno ( avança 10s / retorna 10s)

- Os documentos do Deliverable poderiam ser entregues separados, não tudo no mesmo arquivo PDF! Por exemplo: Formulário de perguntas em um, parte do projeto em outros arquivos, tudo dentro de uma pasta .zip . Isso facilitaria a separação das etapas com a equipe, sem precisar unir tudo, sem correr o risco de perder as formatações e ter que editar tudo de novo rs.",Projeto,Suporte projeto
"- Sistema de pontuação e ranking é inconsistente. É necessário uma boa reformulação deste processo, vejo muito alunos com a mesma reclamação.

- Poderia ter um facilitador (ouvinte) em algumas calls com o cliente, para dar um feedback de direcionamento para o grupo.

- Os documentos de auxilio para download (imagens e pdf's) estão vindo com baixa qualidade. Por exemplo, no Mapa de Processo, não é possível enxergar com clareza as informações do diagrama.

- Controles nas vídeo aulas:  botões de avanço e retorno ( avança 10s / retorna 10s)

- Os documentos do Deliverable poderiam ser entregues separados, não tudo no mesmo arquivo PDF! Por exemplo: Formulário de perguntas em um, parte do projeto em outros arquivos, tudo dentro de uma pasta .zip . Isso facilitaria a separação das etapas com a equipe, sem precisar unir tudo, sem correr o risco de perder as formatações e ter que editar tudo de novo rs.",Slot,Materiais
"- Sistema de pontuação e ranking é inconsistente. É necessário uma boa reformulação deste processo, vejo muito alunos com a mesma reclamação.

- Poderia ter um facilitador (ouvinte) em algumas calls com o cliente, para dar um feedback de direcionamento para o grupo.

- Os documentos de auxilio para download (imagens e pdf's) estão vindo com baixa qualidade. Por exemplo, no Mapa de Processo, não é possível enxergar com clareza as informações do diagrama.

- Controles nas vídeo aulas:  botões de avanço e retorno ( avança 10s / retorna 10s)

- Os documentos do Deliverable poderiam ser entregues separados, não tudo no mesmo arquivo PDF! Por exemplo: Formulário de perguntas em um, parte do projeto em outros arquivos, tudo dentro de uma pasta .zip . Isso facilitaria a separação das etapas com a equipe, sem precisar unir tudo, sem correr o risco de perder as formatações e ter que editar tudo de novo rs.",Projeto,Deliverable
Apoio,Geral,Suporte dnc
nda a comentar,-,-
Sem considerações.,-,-
Por enquanto nada,-,-
"A plataforma ainda apresenta certos probleminhas, mas a evolução é constante!",Geral,Plataforma
.,-,-
até o momento tudo ótimo,-,-
"A apostila não é a coisa mais usual ainda, se tivesse uma apostila maior com espiral e com páginas de anotações dentre os capítulos tornaria ela bem mais interessante.",Slot,Materiais
Não tenho pontos a melhorar no momento.,-,-
Não tenho pontos a melhorar no momento.,-,-
"Acho que poderia melhorar algumas aulas quando fala que tem o pdf.
O projeto poderia ser feito depois do curso, pois a dedicação seria mil vez maior",Slot,Materiais
"Acho que poderia melhorar algumas aulas quando fala que tem o pdf.
O projeto poderia ser feito depois do curso, pois a dedicação seria mil vez maior",Slot,Carga Horária
Nada até o momento,-,-
"Portal do aluno, está difícil para fazer a troca de email para CPF, dificultando a entrada nos conteúdo do portal.",Geral,Plataforma
"Dinâmica dos days, ",Day,Dinâmica
O tempo para execução das atividades - seria interessante testar internamente um tempo médio para execução.,Day,Estrutura
Atualizar o deliverable com a matéria didática,Projeto,Deliverable
esta bem como está,-,-
"Ter mais exemplos nos slot, muito cansativo ficar tempo todo só ouvindo.",Slot,Exercícios
Clareza na hora de nos enviar e pedir atividades nos templates que nos enviam.,Slot,Materiais
Por enquanto nada.,-,-
N/a,-,-
"Os horários estão se estendendo um pouco do que o ""combinado"".",Day,Carga Horária
TUDO MUITO BOM CONTINUEM ASSIM,-,
Nada a acresentar!,-,
organização dos slots,-,
"O acompanhamento dos grupos dos projetos. Meu grupo (11) não tem feito nada com base no scrum, temos apenas entregado os trabalhos. Estou pedindo realocação. Talvez com uma participação ou cobrança mais ativa durante a semana por alguém da DNC, falando no whatsapp também, além do slack, gerasse maior engajamento e melhorasse esse acompanhamento. Acredito que o problema do grupo 11 não tenha mais solução, mas contatos há 2 days atrás poderiam ter feito a diferença.",Projeto,Suporte projeto
.,-,
aprofundar mais o que será visto nos days e nas avaliações individuais,Slot,Estrutura
"Organização das aulas e das entregas, pois as vezes fica confuso.",Slot,Estrutura
"sei que são empresas reais com problemas reais, porém elas precisam estar mais abertas as vezes a entrada da dnc para coleta de dados e pequenas implementações.  Seria legal talvez ter um pré requisito mais firme sobre o que eles precisam estar dispostos a fazer no projeto e até onde podemos ir.

Talvez empresas com nomes ocultados e base de dados com nomes genéricos seria uma boa ideia e facilitaria a abertura. Empresa Ponei Fragrancia fabrica perfumes e cremes, porém os frascos estão com muita variabilidade de cheiro e de volume na linha Cheiros de Ponei. Não precisa falar que é a linha Ekos da Natura.",Projeto,Problemas com a empresa
"Days muito longos, podiam ser mais enxutos.",Day,Carga horária
Nada.,-,
"Melhorar sobre as revisões de notas, possibilidades",Slot,Assignment
"Acredito que os erros nas aulas tem diminuído ao longo do curso, ponto super positivo. Algumas atividades da entrega, como o Tree Map da última, achei um pouco redundante por causa que já tínhamos feito o levantamento das hipóteses e Ishikawa, mas entendo que pode ser que tenham grupos que não tinha feito ainda. No mais, só melhorar alguns erros pontuais, mas no geral ta sendo o melhor curso que eu já fiz.",Projeto,Deliverable
"No ultimo slot achei as aulas maçantes, repetitivas.",Slot,Estrutura
-,-,
"Dinâmica dos projetos
Critérios de correção dos assignments e deliverables
Clareza da pontuação do ranking",Geral,Plataforma
"Dinâmica dos projetos
Critérios de correção dos assignments e deliverables
Clareza da pontuação do ranking",Projeto,Deliverable
"Dinâmica dos projetos
Critérios de correção dos assignments e deliverables
Clareza da pontuação do ranking",Slot,Assigntment
"Dinâmica dos projetos
Critérios de correção dos assignments e deliverables
Clareza da pontuação do ranking",Day,Dinâmica
"Days poderiam ser melhor aproveitados, muito tempo pra pouco conteudo.",Day,Carga horária
-,-,
Sem comentarios,-,
Algumas atividades do delivareble parecem ser o tanto quanto repetitivas. Não achei proveitoso fazer esse Tree Map nesse momento.,Projeto,Deliverable
Sem comentários.,-,
avisar que o Minitab online não cola os dados do Excel. Tem que instalar mesmo antes do day.,Day,Sistemas
"Nesse slot tivemos alguns problemas na plataforma que acabou nos atrasando e atrapalhando um pouco, então pode ser um ponto de atenção, mas de resto esta tudo ótimo como sempre.",Geral,Plataforma
"A Plataforma apresenta algumas instabilidades e falhas, desde a pontuacao/ranking ate algumas aulas que ano apresnetam o conteudo (ao apresentar uma planilha ou grafico no video, a tela fica preta). Alem disso, o livro possui alguns problemas envolvendo revisao. Tirando esses aspecto, o conteudo das aulas sao muito bons!
O curso eh muito bom ao ponto que faria ele novamente, mas vejo esses problemas com certa frequencia e isso atrapalha um pouco a minha experiencia e as dos demais alunos (meu grupo sempre comenta sobre esses pontos)",Geral,Plataforma
.,-,
.,-,
na,-,
"Inicialmente na fase Medir, quem não é familiar com os dados acaba tornando um decoreba! Gera bastante resistência! é outro Spot que terei que aprofundar! rs",Slot,Conteúdo
sem comentários,-,
Plataforma para de dar problema.,Geral,Plataforma
Seria incrível todo dia uma mentoria de carreira como hoje,Geral,Suporte dnc
ds,-,
N.a,-,
Trocar o aplicativo de grupo das dinâmicas o Jitsi,Day,Sistemas
"Palestras sempre, mas tempo mais curto, rs.",Day,Estrutura
"Tempo final tem que ser respeitado, as dinâmicas de hoje acabaram de forma rápida, esperamos um bom tempo para retornar e a palestra no final do dia de hoje poderia ser um vídeo no slot.",Day,Carga horária
"Sinceramente nada, ao meu ver não tenho reclamações até o momento",-,
Nada,-,
"Tudo ótimo até o momento
",-,
Senti falta de material em pdf para consulta e também dos gabaritos das atividades.,Slot,Materiais
"Valeu!!!

",-,
N/A,-,
"Sem comentário
",-,
Diminuir tempo dos vídeos,Slot,Vídeoaulas
ate o momento nota 10,-,
Sem comentarios.,-,
"Dividir o tempo dos Days, ter um tempo padrão pra todos, fica bem cansativos os days pares.",Day,Carga horária
HORÁRIO DO TÉRMINO DO CURSO.,Day,Carga horária
"No geral estou gostando  do curso, mas acredito que aproveitaria mais se não trabalhasse o dia inteiro, e tivesse mais tempo para me dedicar. Pensando nisso, pensem em não ser tão repetitivos nas vídeo-aulas. 

Aulas mais curtas e com mais exemplos práticos.  ",Day,Carga horária
"No geral estou gostando  do curso, mas acredito que aproveitaria mais se não trabalhasse o dia inteiro, e tivesse mais tempo para me dedicar. Pensando nisso, pensem em não ser tão repetitivos nas vídeo-aulas. 

Aulas mais curtas e com mais exemplos práticos.  ",Slot,Vídeoaulas
Os feedbacks as vezes atrasa um pouco,Geral,Suporte dnc
"Por enquanto, apenas o que coloquei nos ultimos feedbacks",-,
esta tudo indo bem mais o proximo slot ja poderia ser liberar no sabado ao final do day,Slot,Carga horária
Das dinâmicas,Day,Dinâmicas
"Vocês poderiam desenvolver uma cartilha de execicios por cada fase do projeto, tipo um simulado com informações fundamentais que não podemos esquecer para ter sucesso na construção da etapa. Sinto falta de exercios, muitos exercios.",Slot,Exercício
.,-,
Mais tempo por slot,Slot,Carga horária
Tempo curto,Day,Carga horária
bom,-,
Não tenho ideias a acrescentar,-,
"Até agora gostei de tudo, não tenho nada a melhorar no curso.",-,
"No dia de hoje, dá uma breve resumo do que se passou",Day,Estrutura
"O que eu sinto mais de dificuldade agora é o tempo pra realizar as aulas e as tarefas do projeto. Sinto que a empresa do projeto não está acompanhando o ritmo de entregas e fazem as coisas no tempo deles. Já aconteceu de algumas vezes eles não aceitarem ideias nossas por falta de disponibilidade e muitas vezes parece que eles querem limitar o projeto, colocam muitas restrições.
Por isso, essa entrega do medir nós tivemos poucos dados e não conseguimos extrair muita coisa, por isso preocupa para as próximas entregas. ",Slot,Carga horária
"O que eu sinto mais de dificuldade agora é o tempo pra realizar as aulas e as tarefas do projeto. Sinto que a empresa do projeto não está acompanhando o ritmo de entregas e fazem as coisas no tempo deles. Já aconteceu de algumas vezes eles não aceitarem ideias nossas por falta de disponibilidade e muitas vezes parece que eles querem limitar o projeto, colocam muitas restrições.
Por isso, essa entrega do medir nós tivemos poucos dados e não conseguimos extrair muita coisa, por isso preocupa para as próximas entregas. ",Projeto,Problemas com a empresa
Sem comnetários,-,
"Talvez, disponibilizar mais exemplos ou estudos de casos de diversas áreas ou até exemplos mais complexos. Acho que seria interessante, principalmente pra essa etapa do medir e analisar, uma mentoria (estilo revisão) com alguém resolvendo um case junto com a gente.",Slot,Conteúdo
"Talvez, disponibilizar mais exemplos ou estudos de casos de diversas áreas ou até exemplos mais complexos. Acho que seria interessante, principalmente pra essa etapa do medir e analisar, uma mentoria (estilo revisão) com alguém resolvendo um case junto com a gente.",Day,Estrutura
-,-,
"A Day de hoje foi meio sem sentido, de cara não houve o ressumo padrão antes do Kahoot. A dinâmica hoje poderia ser facilmente um assigment, não vi necessidade de passar a manhã de sábado para fazer essa dinâmica individual. Hoje senti que perdi meu tempo hoje. E sobre o projeto, eu sinto que quando temos duvidas, as respostas são sempre padronizadas, como uma receita de bolo, não me sinto ajudado quando temos problemas quanto ao projeto.",Day,Dinâmica
"A Day de hoje foi meio sem sentido, de cara não houve o ressumo padrão antes do Kahoot. A dinâmica hoje poderia ser facilmente um assigment, não vi necessidade de passar a manhã de sábado para fazer essa dinâmica individual. Hoje senti que perdi meu tempo hoje. E sobre o projeto, eu sinto que quando temos duvidas, as respostas são sempre padronizadas, como uma receita de bolo, não me sinto ajudado quando temos problemas quanto ao projeto.",Projeto,Suporte projeto
"Eu tive dificuldades para assimilar quais dados organizar para conseguir fazer as medições no minitab.  Também não consigo instalar o minitab no computador do trabalho e o minitab online não aceita colar os dados do excel, ter a worksheet já pronta nos faria focar mais na ideia em si da dinâmica. perdi muito tempo para puxar os dados do Excel.",Day,Sistemas
Disponibilizar os power points que são utilizados nas aulas seria muito bom.,Slot,Conteúdos
.,-,
Por enquanto o curso está atendendo muito bem minhas expectativas. Aprendendo demais!,-,
Não tenho recomendação de melhoria. Mas como sugestão o acesso a gravação do DAY ajudaria reforçar o aprendizado,Slot,Conteúdos
Quebrar mais os Spots de Medir e principalmente Analisar!,Slot,Carga horária
Algumas aulas ao vivo na utilização de software como Excel e minitab,Day,Conteúdos
Sobre a aula de hj nada,-,
"Seria bacana se cada grupo tivesse um mentor de projetos fixo que pudesse recorrer, sei que talvez exista muitos grupos e poucos mentores mas se existisse alguma possibilidade de organizar e conciliar isso seria perfeito.",Projeto,Suporte projeto
"Quebrar mais o conteúdo, é muito apertado dentro dos slots",Slot,Carga horária
Buscar aulas,Geral,Plataforma
Bom,-,
Os days precisam terminar no horário certo e não ficar estendendo como acontece todas as vezes. Isso impacta em nossa rotina.,Day,Carga Horária
explicar mais,Day,Conteúdo
.,-,
"Mais ""palestras"". As vezes alguns convidados usam linguajar rebuscado demais, rs.",Day,Estrutura
"Mais ""palestras"". As vezes alguns convidados usam linguajar rebuscado demais, rs.",Geral,Comunicação
Tudo ok,-,
.,-,
Linguagem simples e eficiente.,Geral,Comunicação
Nada,-,
Suporte no slack tanto no privado quanto nos grupos.,Geral,Suporte
alguns bug no portal,Geral,Plataforma
"Dinâmicas com um tempo maior, estamos na fase de aprendizado e o tempo esta muito curto.",Day,Dinâmica
"O tempo de execução das atividade é curto.

poderia ser menos atividade ou estender o day.",Day,Dinâmica
?????,-,
"Assunto como excel e Minitab devem devem de dedicar mais tempo que os demais
",Slot,Carga horária
diminuir tempo dos videos,Slot,Vídeoaulas
Sem comentários.,-,
"Muito cansativa, muitas informações em pouco tempo.",Day,Carga horária
Mais tempo entre os slots complexo,Slot,Carga horária
..,-,
Nada,-,
SEM COMENTÁRIOS.,-,
O tempo para as atividades são curtos em determinados SLOTS,Slot,Carga horária
Preciso esperar para avaliar melhor,-,
no momento não tenho sugestão,-,
tudo ok até o momento.,-,
"Acho que precisam ser mais rígidos com as interrupções de perguntas, atrapalha a cadência do curso",Day,Co-host
Tempo para execução das tarefas,Slot,Carga horária
"A etapa do formulário no exercício, o formulário poderia englobar o questionário da planilha de alguma forma.",Geral,Plataforma
"Acho que teria sido interessante saber a divisão dos grupos, pelo menos para irmos nos conhecendo e discutirmos os temas do Day 1. Assim poderíamos já criar uma conexão entre o grupo e ir pensando na estrutura das nossas reuniões, organização do time, plataforma de divisão de tasks e tudo mais",Projeto,Suporte projeto
"Em um primeiro momento é dificil fazer um ponto de melhoria, a apresentação foi divertida, longa, porém a dinâmica foi boa e deu pra pegar os conteúdos e a forma que o curso está organizado",Day,Dinâmica
Começar as atividades no slack que vai ajudar as pessoas!,Day,Estrutura
"mostrar um pouco mais a fundo sobre os projetos, exemplos reais de implantação, detecção das causas de problemas, definição de planos de ação, análise de indicadores, impactos de melhoria em uma operação.",Day,Conteúdo
*,-,
.,-,
"Muitas pessoas tiveram muitas dúvidas simples de condução do curso, achei que atrapalhou a concentração durante a apresentação.",Geral,Comunicação
Mais intervalos,Day,Estrutura
Por enquanto não sei,-,
acompanhamento para permitir todos os alunos poder fazer o primeiro exercício.,Geral,Suporte dnc
Por enquanto não observei situações que necessitem de melhoras.,-,
"até agora, não encontrei melhorias a se aplicar",-,
"Talvez na primeira aula, aumentar um pouco a primeira dinamica, incluindo mais perguntas para reforçar o conceito apresentado.",Day,Dinâmica
-,-,
"Nas aulas on-line deixar que as dúvidas serem sanadas em momento específico ou somente pelo chat, porque tem muitas dúvidas repetidas e elas foram feitas durante a apresentação do consultor, isso podendo comprometer os demais.",Day,Co-host
"A plataforma parece ter alguns probleminhas ainda, e precisamos ficar contactando o Suporte para resolver os problemas. Nunca sei se é um problema da plataforma como um todo ou se é apenas com a minha.",Geral,Plataforma
"Sugestão de Melhoria é em relação os termos em inglês logo no inicio do assunto. O material(kit)poderia chegar antes do primeiro day, assim já entenderíamos antecipadamente os termos. Ou ter um folder com o significado dos termos.",Slot,Materiais
"Ainda é muito cedo para ter uma opinião sobre melhoras. Como tivemos apenas uma introdução ao curso, ainda não tenho melhoras para pontuar!",-,-
Sem opinião formada agora!! acompanhar mais aulas para eu ter uma opinião!!!,-,-
"Acredito que as aulas podem ser feitas em menor tempo, inclusive melhorando a absorção do conteúdo e o engajamento da turma.",Day,Carga horária
Preciso acompanhar mais para poder dar esse feedback,-,-
"Realizar a validação antes do curso se todos os alunos estão com os devidos acessos e comunicações. 
 Tive problemas por exemplo que esqueceram de mim haha",Day,Sistemas
.,-,
Moderar melhor as interrupções durante as falas do Facilitador,Day,Co-host
"Senti muitas pessoas desatentas e perdidas no curso, acho que possivelmente elas estão com um tipo de dificuldade de ficar 100% focado no que precisa ser feito e atento a todas as instruções. Sugestão, quando fiz o MBA na FGV, eles perguntam qual o seu nível de entendimento sobre o momento de vida, na DNC voces fizeram tambem, mas pode ter sido superficial.",Slot,Conteúdo
Não vejo pontos até o momento.,-,-
Nada a declarar até agora,-,-
"Por enquanto acho que está perfeito. Só tenho um pouco de medo de quando as aulas forem das 9-18, ser um pouco cansativo.",Day,Carga horária
"Acredito que tiveram muitas interrupções durante as explicações, de duvidas já esclarecidas previamente e que seriam esclarecidas ao decorrer da aula. Com alguma forma de limitar as interrupções e liberar apenas em um momento especifico de tira duvidas, ajudaria muito no fluxo.",Day,Co-host
"Delimitar o numero de perguntas ao vivo, o alto numero acaba por deixar a aula repetitiva, aumenta o time e, muitas vezes, as perguntas acabam por ser obvias. As perguntas poderiam ser respondidas no suporte ou no chat.",Day,Co-host
"No momento, nada",-,
Nada a melhorar.,-,
Ainda não sei. rsss,-,
Sem colocações no momento.,-,
"- [Onboarding do aluno]Tira dúvida de plataformas da Nat ser antes da aula começar.
  Entender bem essas dinâmicas é um processo operacional para nós alunos conseguirmos acompanhar bem a aula. Notion de onboarding ajuda bastante, mas ver sendo feito é diferente.",Slot,Conteúdo
Usar menos termos ou explicar os termos utilizados em Inglês,Geral,Comunicação
Nada,-,
por enquanto sem opinião,-,
N/A,-,
por enquanto estou satisfeito!,-,
..,-,
Está muito cedo para poder avaliar o que podem melhorar.,-,-
"Fazer uma triagem, talvez um processo de nivelamento das turmas, visto que aparentemente algumas pessoas tem níveis bem diferentes de autonomia com tecnologia e isso pode causar frustração e/ou dificuldades durante o desenvolvimento dos projetos em grupo.",Slot,Conteúdo
Muita interferência dos alunos na aula isso fica difícil a concentração na linha do facilitador.,Day,Co-host
.,-,
"A unica coisa que me trouxe preocupção foi em relação a carga horaria dos dias mais longo (porque achei bem cansativo), mas acredito que vamos conseguir encarar isso da melhor forma possivel. Animação por aqui esta em alta para os proximos Days.",Day,Carga horária
A utilização da plataforma para os calouros !,Slot,Conteúdo
Dentro da experiência que tive até agora não sugeriria nenhuma melhoria,-,-
Poderia ter um tempo maior de pausa.,Slot,Carga horária
Conceitos de termos,Geral,Comunicação
"Auxílio no sistema Slack, etc...",Geral,Suporte
"Acredito que ainda é cedo para ver algo que deva melhorar, por enquanto tudo perfeito!",-,-
Até o momento não consigo avaliar,-,-
"Incentivar mais a atividade dos alunos e já trocas no slack antes do primeiro DAY, para já estarem mais enturmados. 
 No primeiro DAY, dar um overview da turma. Não precisa apresentar um por um, sei que é muita gente. Mas podia reservar uns minutinhos pra alguns se apresentarem e falar um pouco de onde tem alunos, quais áreas trabalham.",Day,Estrutura
"Talvez por ser a primeira aula, senti que algumas pessoas ainda estavam um pouco perdidas, mas é importante deixar mais nítido o momento para dúvidas, para que isso não acabe interferindo na apresentação dos tópicos. Esse problema não ocorreu nessa aula, os condutores conseguiram levar super bem, mas entendo que se futuramente pode ser tornar um problema.",Day,Estrutura
"Durante a realização da atividade, cessar as conversas na sala, conduzindo-as de maneira individual",Day,Co-host
Nada.,-,
No momento ainda não identifiquei ponto de melhoria,-,-
.,-,
"A quantidade de pessoas em sala, eu achei um pouco grande. As vezes se dividisse entre turmas menores, uma que tenha uma base maior e outra pra quem está realmente começando na área seria uma opção boa.",Day,Estrutura
Reduzir as turmas para que os days possam ser mais fluídos,Day,Estrutura
Enviar tutoriais de acessos e como realizá-los antes do início do curso.,Geral,Comunicação
Até o momento não sei dizer.,-,-
Nesse momento ainda não verifiquei nafa,-,-
"Reforçar um pouco mais a hora que os integrantes do curso podem tirar dúvidas, pois são muitas e repetidas.
 Grande desafio rs!",Day,Co-host
"Acho cansativo uma manhã (ou dia) inteiro em uma chamada síncrona. Seria interessante reduzir esse tempo ao mínimo necessário, por mais que entenda as complicações.",Day,Estrutura
"Até o momento, não tenho comentários.",-,-
"Até o momento atendeu todas as minhas espectátivas, só acho que poderiam disponibilizar a aula gravada para quem não pode assistir nos dias. A maioria trabalha e tem cargos que muitas vezes nos afastam 1 dia da aula no decorrer desses 6 meses. Disponibilizar essa aula gravada seria muito importante, todos estão querendo muito estudar e participar de tudo mesmo.",Day,Estrutura
"Acho que o pessoal ainda ficou com bastante duvidas, talvez focar esse primeiro dia mais sobre as ferramentas e ensinar a utilizar, desta forma não teremos problemas/demoras nos proximos encontros",Day,Estrutura
"Na transparência do alinhamento das expectativas ANTES do fechamento da venda, principalmente em relação as porcentagem de contratação, pois a porcentagem em si não reflete a realidade de todos os alunos considerando que se vende expectativa de emprego + base salarial da área de atuação. De qualquer forma, espero gozar da experiência e me surpreender com o curso e seus resultados em minha vida profissional",Geral,Comunicação
Explicar um pouco melhor antes de começar as tarefas...A galera ficou com muita dúvida!,Day,Consultor day
"Trazer mais cases de impacto no primeiro DAY, isso dá mais credibilidade.",Day,Conteúdo
"Por hora não consigo avaliar este ponto, pois até agora estou contente com o que me foi apresentado.
 Hoje tive a oportunidades de conhecer termos e ferramentas novas.",-,-
Ainda não tenho opinião formada sobre essa questão...rsrsrs,-,-
"Estou gostando muito até agora, só separaria as duvidas em outra sala no zoom fiquei com dificuldades de escrever com todos falando e tirando dúvidas.",Day,Sistemas
Até o momento em nada.,-,-
"Até o momento, só identifiquei o dificuldade de assistir as aulas e acessar o conteúdo de forma off-line.",Geral,Plataforma
Nada a comentar por enquanto. Obrigado pela grande oportunidade!,-,-
Ainda não tenho melhoria.,-,-
Explicação de atividades. Alguns alunos ficaram perdidos em pontos do processo,Day,Consultor day
"A maneira como as tarefas e tudo que é compartilhado. Também poderia ser feito por email, por exemplo, no meu caso, o único notebook que tenho disponível é o da empresa que eu trabalho e muitas coisas são bloqueadas.",Slot,Estrutura
"Por enquanto nada, tudo parece interessante",-,-
"Como sugestão, acredito que fica melhor deixar os microfones dos alunos mutados. hoje tivemos muitas interrupções fora do espaço para perguntas.",Day,Co-host
"A possibilidade de personalizar conteúdo por aquilo que o participante já traz de bagagem. Eu, por exemplo, me interessei pelo curso de imersão já dominando Excel, VBA e Poder BI, então um formato que permisse personalizar a ordem dos slots seria muito bom.",Geral,Plataforma
"Falar através do zoom sobre os programas que usarem, por mais que fale no slack, falar na aula para tirar alguma dúvida.",Day,Sistemas
"Vídeos explicando como baixar os App usados em aula, slack e o kahoot.
 
 Algumas pessoas tiveram dificuldades nas ferramentas, e caso utilizarem outras no decorrer do curso nos enviem vídeos antes das aulas.",Day,Sistemas
Muito cedo pra dizer.,-,-
"Pessoal tirando dúvidas muito triviais, perda de tempo dos outros.",Day,Co-host
Não tenho sugestão nesse momento.,-,-
Acho cedo pra mencionar ainda.,-,
Imaginei que seria mais didático,Day,Consultor day
Ainda não pensei a respeito.,-,
"1) Parar de pedir ""CPF"" a todo momento, e sim o e-mail. Nem meu banco fica me pedindo o CPF toda hora. rsrs
 
 2) Quando vou fazer o login preencho o e-mail e senha e aperto ""Enter"", daí ao invés de fazer o login, os sistema entende o ""Enter"" como alternar entre ""CPF"" e ""e-mail"", dificultando a experiência principalmente quando estamos com pressa.
 
 3) Plataforma de comunicação entre os alunos, tipo um fórum ou algo do tipo. Em que alunos possam conversar com outros alunos também. Não encontrei essa função.
 
 4) Deixar opção de deixar senha e login salvos. Pelo menos comigo estou tentando que preencher tudo a todo momento.",Geral,Plataforma
Muito cedo para fazer recomendações.,-,
Achei o day 2 muito repetitivo e pouco prático,Day,Conteúdo
No momento está ótimo,-,
Faltou o script/guia pro facilitador poder atuar melhor no processo gerando melhor insumos pro case.,Day,Facilitador
Acho que estamos top,-,
.,-,
Nada,-,
Ter os Days gravados disponibilizados dentro da plataforma,Day,Estrutura
"Trazer um pouco mais dos conceitos nos encontros ""Days""",Day,Conteúdo
Marcar as mentorias abertas com atencedência,Geral,Suporte dnc
Por enquanto não tenho o que reclamar.,-,
até agora está tudo bem,-,
"Alinhamento dos conceitos, técnicas e atividades a serem exercidas com todos os consultores e facilitadores.",Day,Sistemas
"Senti o conteúdo do Day 2 muito fraco comparado às minhas expectativas. É um dia inteiro de aulas, porém, tirando as dinâmicas (que foram boas), acho que não agregou muito para quem cumpriu com os estudos do Slot.",Day,Conteúdo
"A ferramenta de acesso não ser pelo zoom e pelo teams visto que causa confusão ter vários locais pra enviar os arquivos e no teams poderia ser um grupo só. Assim, ficaria mais organizado além de não dar tantos problemas de conexão como o zoom.",Day,Sistemas
Nada,-,
"Talvez, reduzir um pouco o tempo das aulas.",Slot,Vídeoaulas
Ainda não sei informar,-,-
.,-,
Ser mais abrangente nas técnicas,Day,Conteúdo
Sem comentários no momento.,-,-
Parte técnica - confusa,Day,Conteúdo
Nada em mente,-,
Alguns falhas técnicas de link e contabilização de presença,Day,Sistemas
Nada no momento,-,
Apenas a apresentação de coisas mais relevantes e Days com mais atividades práticas e menos realinhamentos de coisas que já foram explanadas antes.,Day,Conteúdo
acho que a musica atrapalha um pouco em alguns momentos,Day,Co-host
Ter mais conteúdos visuais,Day,Conteúdo
por enquanro nada,-,
Por enquanto esta ótimo,-,
Não identifiquei nenhum ponto.,-,
por enquanto nada,-,
....,-,
A plataforma em si ainda tem o que melhorar.,Geral,Plataforma
Facilitadores que amam o que estão fazendo é muito importante.,Day,Facilitadores
..,-,
No momento não consigo pontuar nada.,-,
o treinamento com os facilitadores,Day,Facilitadores
Deixar mais a mão os materiais de estudo,Slot,Materiais
Feedbacks mais individualizados na dinâmica,Day,Dinâmica
"Muito rápido as informações, poderia ser mais lento.",Day,Carga horária
NA,-,
Algumas questões ficam confusas ainda no inicio deste curso,Geral,Comunicação
- gostaria de ter um suporte fácil na plataforma caso eu queira tirar alguma dúvida,Geral,Suporte dnc
"Já passaram essa informação na aula, mas acredito que seja importante garantirmos o melhor funcionamento da plataforma. Tenho algumas inconsistências para anexar as atividades, visualizar as informações da dashboard.",Geral,Plataforma
Diminuir os bugs,Geral,Plataforma
.,-,
Plataforma está dando erro.,Geral,Plataforma
Talvez reduzir um pouquinho a duração dos days (8 horas é puxadooo),Day,Carga horária
"Acho que o algumas partes do day presencial, como o alinhamento de expectativa, os tipos de empresa e algumas coisas que ja foram passadas na aula ficaram um pouco repetitivas. Acho que o dia foi mais produtivo nos momentos de dinamica.",Day,Estrutura
A plataforma em si ainda apresenta alguns bugs.,Geral,Plataforma
Por enquanto não vejo pontos de melhoria.,-,-
Acho que a Apostila poderia ter mais detalhes ou indicação de leituras extras.,Slot,Materiais
Cedo pra dizer.,-,-
Ainda não consigo avaliar este ponto.,-,-
.,-,
"Acredito que o tempo foi escasso tendo que conhecer as pessoas no dia, uma imersão do grupo antes teria sido melhor.",Day,Carga horária
Entendi melhor o deliverably após as dinamicas do day 2,-,-
Tempo,Day,Carga horária
Sem recomendações agora.,-,-
Nada a declarar,-,-
São muitos canais de comunicação e muitos links acho que unificar pode melhorar.,Geral,Comunicação
Direcionamentos dos facilitadores podem ser melhores,Day,Facilitadores
As aulas gravadas nos slots poderiam ter mais recursos interativos.,Geral,Plataforma
Por enquanto nada,-,
Tudo certo até o momento.,-,
"Nada demais, só acho que seria legal ter um tempo estimado pra atividades dos slots. Exemplo, na atividade tem 0/7 pra ir completando, podiam colocar dentro dessas atividades ""tempo estimado 5 minutos nessa atividade"". Isso porque ajudaria a gente a ir programando nossos dias de estudos.",Geral,Plataforma
"Não é bem uma melhoria, mas eu gostaria de ver mais áreas estratégicas como exemplos de carreira e prática de projeto, como sustentabilidade, projetos sociais ou ESG.",Slot,Conteúdo
"Maior segurança do consultor, ele hoje cometeu alguns equívocos na explicação dos conteúdos.",Day,Consultor day
O Dey estava bem bacana.,-,
"Nadinha, bbs",-,
Nada até o momento,-,
Nada até o momento.,-,
Comunicações ainda tem alguns gaps,Geral,Comunicação
10,-,
Deixar a plataforma mais fluida e dinâmica...,Geral,Plataforma
Ok,-,
.,-,
Mais feedbeck individuais,Geral,Suporte dnc
"A plataforma e a postila.  A postila está com figuras muito fusco, a resulução nao é boa.",Geral,Plataforma
"A plataforma e a postila.  A postila está com figuras muito fusco, a resulução nao é boa.",Slot,Materiais
"Dúvidas, orientações e plataforma.",Geral,Plataforma
"Dúvidas, orientações e plataforma.",Geral,Suporte dnc
"Dúvidas, orientações e plataforma.",Geral,Comunicação
Melhorar a comunicação e a plataforma.,Geral,Comunicação
Melhorar a comunicação e a plataforma.,Geral,Plataforma
"Como explicado no feedback do pultimo slot, existem alguns PDF's com baixa resolução e algumas vídeo-aulas gravadas que estão travando.",Slot,Materiais
.,-,
pesquisa de satisfação não ser vinculado a presença,Day,Sistema
Desconsiderar,-,-
.,-,
Feedbacks e clareza na liberação das entregas das sprints,Geral,Comunicação
"Somente na qualidade da apostila, seria legal ser mais detalhada.",Slot,Materiais
..,-,
Explicação das atividades.,Day,Consultor day
No momento tudo ok.,-,
"ESCLARECIMENTO DOS DAYS , PARA GANHO DE VELOCIDADE DOS ALUNOS NAS ATIVIDADES.",Day,Consultor day
Interface do site ainda é um pouco confusa. O fato de terem de explicar detalhes a respeito do dash e outras fncionalidades é sinal de que a usabilidade ainda não tá boa,Geral,Plataforma
"Os encontros tem pouco tempo para desenvolver as atividade. Poder ser um pouco mais devagar, não estou conseguindo assimilar os conteúdos.",Day,Carga horária
"Nos vídeos das aulas, ter mais ilustrações como aconteceram algumas vezes.",Slot,Vídeoaulas
As atualizações de feedbacks e notas das atividades entregues.,Geral,Suporte dnc
Mais organização das ideias propostas,Day,Consultor day
"Senti que em alguns pontos as coisas estão desorganizadas, o tempo de correção do slot foi muito depois do que tinha sido comunicado. Os quiz que tem no final da slot eu achei um pouco confusos e com duplo sentido.",Geral,Suporte dnc
"Senti que em alguns pontos as coisas estão desorganizadas, o tempo de correção do slot foi muito depois do que tinha sido comunicado. Os quiz que tem no final da slot eu achei um pouco confusos e com duplo sentido.",Slot,Exercício
respondi na pesquisa anterior estou refazendo para conseguir a aula,-,-
.,-,-
"Qualidade do conteúdo é ruim. Vídeos sem mostrar imagens, vídeos repetidos, somente áudios de vídeos, reaproveitamento de vídeos antigos falha, entre outros",Slot,Videoaulas
N/A,-,
Didática e organização do conteúdo de forma que facilite o processo de aprendizagem.,Slot,Conteúdos
Dispensa comentários.,-,
nada a declarar,-,
Está bom até o momento.,-,
Não consigo acompanhar o calendário de atividades.,Geral,Comunicação
ok,-,
Suporte ao grupos. Mentorias por grupo!,Projeto,Suporte projeto
"Algumas informações, como o sipoc, não ficaram bem explicadas nas aulas gravadas, surgiram critérios novos durante o day",Slot,Vídeoaulas
sem sugestões,-,
As entregas devem ser mais esclarecidas e o mentor deve estar mais presente no projeto,Projeto,Suporte projeto
As entregas devem ser mais esclarecidas e o mentor deve estar mais presente no projeto,Projeto,Deliverable
Reestruturar a dinâmica para caber dentro do tempo previsto.,Day,Carga horária
Mais acompanhamento do projeto,Projeto,Suporte projeto
"A plataforma, não encontrei um botão de voltar!",Geral,Plataforma
As explicação nas video aulas,Slot,Videoaulas
Os days deveriam abordar os temas de maneira antecedente as entregas e não posterior a elas.,Day,Conteúdo
ainda nada,-,
Por enquanto o curso é o que eu esperava!,-,
conteúdo não está condizente com o solicitado no deliverable.,Projeto,Deliverable
"Carga horária de curso e projeto muito alta.  Entendo o diferencial da dinâmica, mas acho que cada aluno tem suas peculiaridades, e na minha opinião esse curso é destinado a pessoas com uma carga horária de trabalho e de vida muito específicos.",Geral,Carga horária
"A qualidade do material disponibilizado nos anexos do curso. As vezes não estão bem nítidos, planilhas que muitas vezes não abrem, material que não são bem legíveis principalmente os que foram printados e colados no word.",Slot,Materiais
"Alguns arquivos e aulas nos induzem ao erro, contendo algumas informações diferentes do que é pedido durante os Assignments e os Deliverable. O que ajuda muito são as mentorias, porém acredito que os arquivos e as aulas poderiam deixar mais claro a explicação sobre as ferramentas que usamos.",Slot,Materiais
Estou bem contente com o curso.,-,
.,-,
"As dinâmicas que explicam melhor os conceitos poderiam ser realizadas antes da data final de entrega do deliverable. O conteúdo referente ao SIPOC está bem confuso, principalmente em relação a aos inputs e processo. A aula do day tornou muito mais claro o conceito, a maioria dos alunos estava com dificuldades na definição ou estava cometendo equivocos.",Day,Estrutura
"As dinâmicas que explicam melhor os conceitos poderiam ser realizadas antes da data final de entrega do deliverable. O conteúdo referente ao SIPOC está bem confuso, principalmente em relação a aos inputs e processo. A aula do day tornou muito mais claro o conceito, a maioria dos alunos estava com dificuldades na definição ou estava cometendo equivocos.",Slot,Videoaulas
"Possibilitar que tenhamos acesso a mais exemplos de situações, não necessariamente que essas sejam entregáveis mas que nos ajudem a pensar sobre a situação além do exemplo fornecido nas aulas e do projeto que atuamos",Slot,Videoaulas
Por hora nada,-,
"O day esta envertido os conteúdos.  Hj falamos de coisas que fizemos, aí tiramos as dúvidas mas já entregamos os exercícioas errados. Ex: sipoc ficou errado da maioria.",Day,Estrutura
A linguagem dos quiz e provas. As questões por vezes são bem truncadas e com uma ampla margem de interpretação o que considero que mais complica do que facilita e não agrega ao conhecimento gerando desmotivação,Slot,Exercícios
A linguagem dos quiz e provas. As questões por vezes são bem truncadas e com uma ampla margem de interpretação o que considero que mais complica do que facilita e não agrega ao conhecimento gerando desmotivação,Slot,Provas
As aulas gravadas,Slot,Videoaulas
por enquanto está excelente,-,
"Os conteúdos dos vídeos deveria está mais atualizados, para facilitar o entendimento do conteúdo.",Slot,Videoaulas
"Ter mais clareza nas aulas em relação ao SIPOC;
 Melhorar o alinhamento entre o pessoal da dnc: meu grupo perguntou se podia responder o V.o.C em forma de texto e responderam dando um Ok. Na correção do deliverable pediram para colocar o conteúdo em tópico.",Slot,Vídeoaulas
"Ter mais clareza nas aulas em relação ao SIPOC;
 Melhorar o alinhamento entre o pessoal da dnc: meu grupo perguntou se podia responder o V.o.C em forma de texto e responderam dando um Ok. Na correção do deliverable pediram para colocar o conteúdo em tópico.",Geral,Comunicação
"O conteúdo não conversa com os days e apostilas. Correção das atividades muito subjetiva, plataforma online com muitos bugs.
 Pelo investimento realizado a entrega deveria ser melhor.",Slot,Videoaulas
"O conteúdo não conversa com os days e apostilas. Correção das atividades muito subjetiva, plataforma online com muitos bugs.
 Pelo investimento realizado a entrega deveria ser melhor.",Slot,Exercícios
"O conteúdo não conversa com os days e apostilas. Correção das atividades muito subjetiva, plataforma online com muitos bugs.
 Pelo investimento realizado a entrega deveria ser melhor.",Geral,Plataforma
"Melhorar o tempo e o esclarecimento dos days, bastante superficial",Day,Carga horária
"Melhorar o tempo e o esclarecimento dos days, bastante superficial",Day,Conteúdo
Site,Geral,Plataforma
Alinhamento de informações entre facilitadores e material da dinâmica mais claro,Day,Facilitadores
Alinhamento de informações entre facilitadores e material da dinâmica mais claro,Day,Dinâmica
....,-,
NA,-,
"Aos anexos dos arquivos, serem coisas ais em estruturadas para podermos ter bases",Slot,Materiais
não tenho observações no momento.,-,
Não sei,-,
"Alinhar os conteúdos das aulas gravadas com o day. O conteúdo de SIPOC do slot 3 foi totalmente diferente do apresentado no day 3, sendo que meu grupo acabou errando pela falha do conteúdo no slot 3. 
 Outro ponto que seria interessando, a metodologia de aprender primeiro no slot e produzir conteúdo pra depois aprender no day é pouco produtivo.",Slot,Videoaulas
"Alinhar os conteúdos das aulas gravadas com o day. O conteúdo de SIPOC do slot 3 foi totalmente diferente do apresentado no day 3, sendo que meu grupo acabou errando pela falha do conteúdo no slot 3. 
 Outro ponto que seria interessando, a metodologia de aprender primeiro no slot e produzir conteúdo pra depois aprender no day é pouco produtivo.",Slot,Estrutura
.,-,
Em relação a monitoração dos projetos com os grupos,Projeto,Suporte projeto
As aulas não são condizentes com o conteúdo dado no day.Debruçamos sobre as entregas com uma informação erronea e depois temos que corrigir com o conteudo correto. Alta taxa de retrabalho (tema de projeto),Slot,Vídeoaulas
As aulas não são condizentes com o conteúdo dado no day.Debruçamos sobre as entregas com uma informação erronea e depois temos que corrigir com o conteudo correto. Alta taxa de retrabalho (tema de projeto),Slot,Conteúdo
A plataforma.,Geral,Plataforma
"A estrutura do curso. Em minha opinião o DAY deve vir ANTES do Slot, pois sentimos que ABRE nossa mente para muita coisa e nos dá insigts.",Slot,Estruttura
"Deixar mais completas as explicações das ferramentas. No exemplo do SIPOC, a clareza de como exatamente devem ser os inputs só veio com a explicação do Breno durante o Day.",Slot,Vídeoaulas
"organização das aulas com os assuntos dos days, sempre há conflito de informaçoes",Slot,Vídeoaulas
"quem não pode assistir os day, conseguir ver depois",Day,Conteúdo
Seria interessante termos o DAY antes de termos as entregas de Deliverable. Muitas coisas foram esclarecidas no DAY de hoje (ex: SIPOC - inputs) que ajudariam na confecção das atividades.,Day,Estrutura
"A clareza das tarefas, a divulgação dos resultados e ter o mentor o para nos auxiliar.",Slot,Assignment
"A clareza das tarefas, a divulgação dos resultados e ter o mentor o para nos auxiliar.",Projeto,Suporte projeto
"Acho que as Days deveriam ocorrer antes dos slots, pois sinto muita dificuldade em assimilar os conteúdos. Muitas vezes só consigo entender o tema na revisão das days, mas antes disso já tive que realizar entregas importantes.",Day,Estrutura
Day de 8h extremamente cansativo.,Day,Carga horária
De feedback algumas aulas como a de sipoc em que o input e muito simplificado e te induz ao erro no deliverable,Slot,Vídeoaulas
não tenho sugestões,-,
Tempo,Geral,Carga horária
Algum dia presencial seria bom.,Day,Estrutura
"As aulas não foram bem produzidas, visto que muitas vezes o orador do vídeo faz menção à elementos que não são retratados no vídeo. Mais de uma vez fomos induzidos ao erro. Falta o trabalho de um designer instrucional para melhoramento.",Slot,Vídeoaulas
Os exemplos das aulas poderiam ser mais reais,Slot,Vídeoaulas
"Acho que seria possível melhorar as mentorias aos grupos, tendo mais contatos exclusivo com os grupos para orientação e dúvidas.
 Também acho que seria muito bacana um app ou outra solução que permitisse acesso aos conteudos de forma offline. Como viajo muito a trabalho, gosto de aproveitar o deslocamento (aeroporto, voo, etc) para estudar e consumir conteudo.
 Acho que poderiam no futuro pensar em um podcast sobre os conteudos abordados no curso tbm.",Geral,Plataforma
"Acho que seria possível melhorar as mentorias aos grupos, tendo mais contatos exclusivo com os grupos para orientação e dúvidas.
 Também acho que seria muito bacana um app ou outra solução que permitisse acesso aos conteudos de forma offline. Como viajo muito a trabalho, gosto de aproveitar o deslocamento (aeroporto, voo, etc) para estudar e consumir conteudo.
 Acho que poderiam no futuro pensar em um podcast sobre os conteudos abordados no curso tbm.",Projeto,Suporte projeto
"As qualidades dos arquivos anexos das aulas, alguns são ilegíveis",Slot,Materiais
Organizacao da plataforma online,Geral,Plataforma
"Durante toda a etapa de definir e pré-definir, a recomendação é não pensar em causa ou solução, só no problema. Ao mesmo tempo, não faz sentido fazer a TAP sem pensar na causa raiz.",Projeto,Deliverable
"Direcionamento do conteúdo entre os slots e o que é apresentado nos days. Há uma falta de sincronismo entre as pessoas que ministram. Está tudo muito desorganizado em relação a comunicação, direcionamento dos mentores e conteúdo.",Slot,Vídeoaulas
"Direcionamento do conteúdo entre os slots e o que é apresentado nos days. Há uma falta de sincronismo entre as pessoas que ministram. Está tudo muito desorganizado em relação a comunicação, direcionamento dos mentores e conteúdo.",Geral,Comunicação
.,-,
"As abordagens muito ""informais"" de alguns instrutores como por exemplo: ""Um pouco de salada e um pouco de 'drogas' !"" Particularmente entendo como apologia e etc.",Geral,Comunicação
"Coerência entre as informações das aulas, apostilas e Days. Muitas coisas aparecem mais especificas somente no Day quando já fizemos as entregas dos Deliverables",Slot,Materiais
"Coerência entre as informações das aulas, apostilas e Days. Muitas coisas aparecem mais especificas somente no Day quando já fizemos as entregas dos Deliverables",Slot,Vídeoaulas
Hoje o dia foi muito intenso e muito cansativo. Talvez rever a carga horária ou a ordem das atividades.,Day,Carga horária
"Acredito que os deliverables deveriam ser mais conectados com o conteúdo que estamos no momento, às vezes sinto um gap entre o que eu aprendi x a prática",Projeto,Deliverable
o softcheck no dash não segue o mesmo padrão do formulario que preenchemos... Além do cabeçalho apresentar pontos que não constam neste padrão.,Geral,Plataforma
Dar mais oportunidade a outros grupos que tiveram sucesso em seus projetos apresentarem para os alunos em formação!,Day,Conteúdo
.,-,
Acho que seria interessante avaliar o feedback das dinâmicas e propor algumas melhorias para os próximos grupos.,Day,Estrutura
Olhar mais no detalhe para os nossos projetos,Projeto,Suporte projeto
"a plataforma, ainda dá pequenos bugs",Geral,Plataforma
"As aulas de excel deve ser melhoradas, sobre tudo a explicação e os exercicios.",Slot,Vídeoaulas
Nada,-,
não tem nada por enquanto,-,
.,-,
"A qualidade dos arquivos anexados nas vídeos aulas. Além disso, alguns vídeos são tem som alto e outros baixos isso meio que atrapalha um pouco.",Slot,Materiais
"A qualidade dos arquivos anexados nas vídeos aulas. Além disso, alguns vídeos são tem som alto e outros baixos isso meio que atrapalha um pouco.",Slot,Vídeoaulas
"Exemplos um pouco repetitivos demais, e as vezes confusos",Slot,Vídeoaulas
Atualização de alguns vídeos,Slot,Vídeoaulas
.,-,
MT bom,-,
"Os exemplos poderia ser mais abrangentes, bater em 3, 4 formatos de se aplicar os métodos e com isso nos termos um entendimento melhor no nosso projeto pratico.",Slot,Vídeoaulas
Melhorar a explicação para os assigments.,Slot,Assignments
Os materiais das aulas dos slots,Slot,Materiais
"O slack demora muito, para responder.",Geral,Suporte dnc
"as provas, questionários e assignments tem por vezes uma margem muito grande de interpretação. Sugiro que sejam mais claros e objetivos",Slot,Provas
.,-,
N/a,-,
.,-,
"as provas, questionários e assignments tem por vezes uma margem muito grande de interpretação. Sugiro que sejam mais claros e objetivos",Slot,Exercícios
"as provas, questionários e assignments tem por vezes uma margem muito grande de interpretação. Sugiro que sejam mais claros e objetivos",Slot,Exercícios
"Plataforma não atualiza os dados, conteúdo não bate com os days.",Geral,Plataforma
.,-,
Atender no suporte,Geral,Suporte dnc
Reunião com o grupo de projetos. 1 x ao mês. Eu acho errado só com o PO.,Projeto,Suporte projeto
"Neste módulo passado tivemos o modelo de Excel intermediário. E em cada aula havia um arquivo em Excel e muitos deles com exercícios, mas não se tem um vídeo ou uma parte onde estaria a correção deste exercício passado, pfv implementei isso e passem para que toda turma possa ter o máximo entendimento de cada ferramenta",Slot,Exercícios
Não tenho observações no momento.,-,
"Ter uma opção de grade diferenciada para quem trabalha. Com mais meses e uma carga horária menor por dia (considerando o que dividimos no total de todas as ações).  Deixar mais claro nos assignments o que é pra ser feito. No último (8) fiquei confusa, pensei que era pra entregar a planilha, quando vi era pra responder questões. Pode ter no nome do Assignment (TESTE ONLINE / ENTREGA DE MATERIAL). E também no arquivo, porque falava de um enunciado qu eeu nem sabia o que era. Fazer algo do tipo...  ""Nesse assignment você vai ter uma planilha de apoio para resolver a prova. Abra a prova e no enunciado de cada questão terá os valores para você simular. As instruções para montar a planilha estão abaixo, são algumas dicas. No vídeo tem mais informações""  Em nenhum lugar explicava isso, nem no pdf, nem no vídeo, nem no portal. E me atrapalhou bastante.",Geral,Carga horária
"Ter uma opção de grade diferenciada para quem trabalha. Com mais meses e uma carga horária menor por dia (considerando o que dividimos no total de todas as ações).  Deixar mais claro nos assignments o que é pra ser feito. No último (8) fiquei confusa, pensei que era pra entregar a planilha, quando vi era pra responder questões. Pode ter no nome do Assignment (TESTE ONLINE / ENTREGA DE MATERIAL). E também no arquivo, porque falava de um enunciado qu eeu nem sabia o que era. Fazer algo do tipo...  ""Nesse assignment você vai ter uma planilha de apoio para resolver a prova. Abra a prova e no enunciado de cada questão terá os valores para você simular. As instruções para montar a planilha estão abaixo, são algumas dicas. No vídeo tem mais informações""  Em nenhum lugar explicava isso, nem no pdf, nem no vídeo, nem no portal. E me atrapalhou bastante.",Slot,Assignments
"Ter uma opção de grade diferenciada para quem trabalha. Com mais meses e uma carga horária menor por dia (considerando o que dividimos no total de todas as ações).  Deixar mais claro nos assignments o que é pra ser feito. No último (8) fiquei confusa, pensei que era pra entregar a planilha, quando vi era pra responder questões. Pode ter no nome do Assignment (TESTE ONLINE / ENTREGA DE MATERIAL). E também no arquivo, porque falava de um enunciado qu eeu nem sabia o que era. Fazer algo do tipo...  ""Nesse assignment você vai ter uma planilha de apoio para resolver a prova. Abra a prova e no enunciado de cada questão terá os valores para você simular. As instruções para montar a planilha estão abaixo, são algumas dicas. No vídeo tem mais informações""  Em nenhum lugar explicava isso, nem no pdf, nem no vídeo, nem no portal. E me atrapalhou bastante.",Slot,Assignments
Plataforma,Geral,Plataforma
Padronizar as informações entre os facilitadores e mentores,Geral,Comunicação
.,-,
a interação ficou muito limitada ao grupo do projeto real. Muito pouco tempo para trocar ideia com os grupos da dinâmica,Day,Dinâmica
Mais sobre aplicação do Scrum a projetos,Projeto,Suporte projeto
disponibilizar as aulas gravadas,Day,Conteúdo
"A comunicação! É muito intenso, por isso ela deve ser mais fluída!",Geral,Comunicação
Aulas de excel,Slot,Vídeoaulas
Tempo de dinâmica,Day,Carga horária
"O tempo pra entrega dos Deliverybles. Devido a problemas com a primeira empresa e a até conseguir contato com o sponsor da segunda empresa disponibilizada. Desta forma, nosso cronograma foi apertado. Deixando o grupo com pouco tempo para atender, entender, e trabalhar como se deveria.",Projeto,Deliverable
"O tempo pra entrega dos Deliverybles. Devido a problemas com a primeira empresa e a até conseguir contato com o sponsor da segunda empresa disponibilizada. Desta forma, nosso cronograma foi apertado. Deixando o grupo com pouco tempo para atender, entender, e trabalhar como se deveria.",Projeto,Problemas com a empresa
Gostaria que alguma aula presencial.,Day,Estrutura
Disponibilizar os conteúdos em alguma plataforma offline,Geral,Plataforma
Hoje perfeito.,-,
.,-,
"As escolhas dos grupos, eu sei que é bem relativo o de hoje foi top, estávamos muito bem divididos.",Day,Dinâmica
Revisar algumas questões dos assigments e das certificações. Há alguns erros de enunciados.,Slot,Assignments
Revisar algumas questões dos assigments e das certificações. Há alguns erros de enunciados.,Slot,Provas
mais days,Day,Estrutura
por vezes é demasiado trabalho e muitas pessoas acabam por dispersar,Day,Dinâmica
"nunca fazer uma dinamica em grupo sem dar uma passada pela teoria. 
  A equipe fica totalmente perdida.",Day,Estrutura
"Trazer mais grupos e seus cases, hoje consegui notar que o nosso problema é real e como lidar com ele.",Day,Conteúdo
Formatação das aulas,Slot,Videoaulas
"Variar as estruturas dos days, sinto que está cansativo sempre duas dinâmicas e etc. isso pode ir mudando pra manter os alunos engajados",Day,Estrutura
Aulas,Slot,Videoaulas
.,-,
"Organização, estrutura das aulas, se possível um resumo escrito das aulas junto ao vídeo, e um catalago do conteúdo das aulas de maneira a ser possível pesquisar um tópico específico dentro de cada tema.",Slot,Estrutura
"Organização, estrutura das aulas, se possível um resumo escrito das aulas junto ao vídeo, e um catalago do conteúdo das aulas de maneira a ser possível pesquisar um tópico específico dentro de cada tema.",Slot,Materiais
"Organização, estrutura das aulas, se possível um resumo escrito das aulas junto ao vídeo, e um catalago do conteúdo das aulas de maneira a ser possível pesquisar um tópico específico dentro de cada tema.",Geral,Plataforma
"Aulas dinâmicas, diretas, organizadas
Material que agregue valor
",Day,Estrutura
"Aulas dinâmicas, diretas, organizadas
Material que agregue valor
",Slot,Materiais
...............,-,
Facilitar acesso aos documentos disponibilizados no Day,Day,Conteúdo
...,-,
Eu esperava um conteúdo um pouco mais imersivo nos temas e não tão superficial.,Slot,Exercícios
"Apesar da quantidade de disciplinas apresentadas no curso, ainda considero que poderiam ser um pouco mais profundos nos assuntos abordados. Temos poucos materiais extras ou exercícios para praticarmos e nos auxiliar nos estudos. Ainda considero 5 questões por assignment muito pouco, sendo 10,  o ideal, em minha opinião.",Slot,Exercícios
copiem o formato de hj,-,-
as provas de certificação,Slot,Provas
Slides das aulas.,Slot,Materiais
programação com muita gente na sala é tenso kkk mas não sei como melhorar kkk talvez quebrar em grupos ou algo que fique dinâmico e não precisa ficar voltando,Day,Dinâmica
"Talvez fazer um exercício menor e mais devagar para quem não tem familiaridade ainda com código. Assistir aula é muito diferente de ver na prática e ter um tempinho pra assimilar e reproduzir o código é importante
",Day,Carga horária
"Ter uma opção de audio das aulas, por mais que tenha video as vezes quero ouvir no transporte (ainda mais as conceituais) e ai video complica pelo uso dos dados e nao conseguir segurar o cel no metro/busao. Se tivesse como ter a opção podcast das aulas pra travar o cel e ir ouvindo (pra se familiarizar com o tema) e depois estudar msm vendo o vídeo seria SHOW!

No vídeo ter a opção de dois cliques nas extremidades e andar 10/15s, é algo besta mas ajudaria tanto quando anoto é mais facil essa opção do que precisar certinho na barra quanto se to fazendo alguma atividade domestica e vendo no tablet/cel. ",Geral,Plataforma
"Day de hoje foi levemente ""bagunça"" eu como interna sei o que houve mas até deixei um feedback pro Juan de termos consultores backups, senti o andrézinho nervoso e pegando na parte teórica, já quando começou a parte prática ele mandou benzasso ",Day,Consultor day
Aula precisa ser mais fluída,Day,Consultor day
Melhorar diática do prof e reduzir velocidade,Day,Consultor day
"Disponibilizar mais exemplos de páginas para praticarmos, dando o código pronto para revisarmos heheh <3",Day,Conteúdo
Disponibilizar as aulas dos slots transcritas e disponibilizar as aulas presenciais gravadas.,Day,Conteúdo
Disponibilizar as aulas dos slots transcritas e disponibilizar as aulas presenciais gravadas.,Slot,Materiais
"Sinto falta de exercicios durante o slot, dificulta um pouco meu aprendizado
As aulas do Izael são excelentes, com exceção que cada uma dura um episódio de série da Netflix.
Se dividissem cada uma das aulas no meio, ficaria no máx uns 10 min de aula, ficaria bem melhor de assistir. 
As aulas dele tem muito conteúdo bom e ele explica com muita profundidade, seria melhor que fossem mais curtas.",Slot,Exercícios
"Sinto falta de exercicios durante o slot, dificulta um pouco meu aprendizado
As aulas do Izael são excelentes, com exceção que cada uma dura um episódio de série da Netflix.
Se dividissem cada uma das aulas no meio, ficaria no máx uns 10 min de aula, ficaria bem melhor de assistir. 
As aulas dele tem muito conteúdo bom e ele explica com muita profundidade, seria melhor que fossem mais curtas.",Slot,Carga horária
Nao tenho experiencia em DEV sugiro breve manual para acessar e explicação dos codigos para buscarmos conhecimentos,Slot,Materiais
"A dinâmica do dia hoje foi um pouco complexa pro nível de conteúdo que tivemos. Com a quantidade de alunos na sala, fica difícil tirar dúvidas e acompanhar, talvez o ideal fosse realizar uma quebra de sala com mais consultores apoiando na construção da tela.",Day,Estrutura
"estilo de exercicio para conseguir acompanhar, disponibilização do conteudo para treino posterior ",Slot,Exercícios
Os exemplos e analogias para explicar os conceitos podem ser bem mais didáticos.,´Day,Consultor day
"O início da aula de hoje foi muito confuso!! Acho que o povo desesperou demais e o André ficou nervoso, tadinho!!
Se rolasse estruturar a construção de algum jeito seria mais interessante. A gente foi entrando no clima a longo da aula, mas no início deu vontade de desligar!
Analisar o Figma e já quebrar em grandes blocos de construção; depois partir para construir todo o HTML; e só depois ir estilizando bloco por bloco. Eu sei que foi isso que o André tentou, mas no início ficou muito confuso!
Um outro ponto é fazer mais parecido (ou pelo menos com links diretos) com o que o consultor das aulas falou. Pelo menos recapitular (na hora de colocar a logo, por exemplo, nas aulas o consultor pegava direto do Figma fácil fácil! E gerou um burburinho a busca por uma imagem no Google. Se vcs tivessem apresentado tipo: na aula vcs viram assim, agora vamos fazer desse outro jeito, seria mais alinhado, e acredito que o pessoal se interessaria em aprender um novo jeito de fazer e não faria tanto zumbido).",Day,Estrutura
"Poderíamos dividir a turma em turmas menores, pois assim as duvidas podem ser resolvidas mais rápidas do que com 120 pessoas na sala.
Salas de 30 pessoas por consultor, por ex.
Ademais, Dani, André e Manu fizeram de TUDO pra tirar as nossas dúvidas.
MARAVIHOSOS <3",Day,Estrtura
"Depois das aulas do João a régua de didática fica muito alta. rsrs O André é fera, mas ficava um pouco confusa a condução da lógica de construção em alguns momentos.",Day,Consultor day
Muito avançado.,Day,Dinâmica
"A velocidade pra acompanhar as aulas de exercício ao vivo, quando o note trava já era acompanhar",Day,Dinâmica
A divisão das telas durante a aula de html/CSS dificultou acompanhar um pouco,Day,Dinâmica
"Consultor conhece muito mas tem pouca didática. Se o objetivo era ensinar, para pessoas leigas como eu, não foi atingido. Pessoas de TI e que ja lidam com programação possivelmente se divertiram. ",Day,Consultor day
Acho que um ensaio de como fazer o display do rpocesso ficara mais fluido mostrando melhor as informaçõesque precisavam ser vistas,Day,Dinâmica
volume desta aula nao comporta o tempo necessario,Day,Carga horária
"É meio complicado uma aula onde a gente tenta acompanhar assim o desenvolvimento.
Uma sugestão é deixar esse desenvolvimento como assignment baseado no módulo, e a aula ficaria para tirar mais dúvidas.",Day,Dinâmica
"A primeira parte da aula foi bem ruim, a turma ficou desesperada no chat, a abordagem de backend foi muito superficial, e os instrutor não soube conduzir muito bem. A segunda parte foi bem legal fazendo a parte pratica. ",Day,Consultor day
"A primeira parte da aula foi bem ruim, a turma ficou desesperada no chat, a abordagem de backend foi muito superficial, e os instrutor não soube conduzir muito bem. A segunda parte foi bem legal fazendo a parte pratica. ",Day,Conteúdo
"A aula de código ao vivo tem que ser um pouco mais estruturada o pensamento de como vai fluir a codagem, para ficar mais claro, assim como foi feito na explicação do Slot.
E a apresentação incial (ppt) poderia ser um pouco mais ""ensaiado"" com o consultor, para ficar mais fluido.",Day,Estrutura
Preparar melhor o conteúdo prático para que o consultor seja mais ágil,Day,Consultor day
"tal vez pensar mais como guiar pessoas sem conhecimento em html CSS entender e ir aos poucos, acho que foi bom até o momento, mas ainda da para melhorar, a gente ficava perdido facilmente, sem a dani não daria para acompanhar",Day,Dinâmica
Compartilhar o código para que todos possam ver e altera-lo,Day,Conteúdo
"Esse encontro foi muito rápido e poderia ser mais didático. 

É um conteúdo realmente mais delicado e pode ser quebrado até em mais de um encontro. ",Day,Estrutura
"Esse encontro foi muito rápido e poderia ser mais didático. 

É um conteúdo realmente mais delicado e pode ser quebrado até em mais de um encontro. ",Day,Consultor day
Nivelamento do grupo,Day,Estrutura
"Tem um ótimo carisma porém o domínio técnico não condiz com o que foi ofertado no curso, tal como sinalizar as heurísticas de Nielsen sendo usadas pelo desenvolvedor e informando que jQuery é uma linguagem e não uma biblioteca.
São pequenos pontos de atenção que para pessoas que estão iniciando e entendendo cada um dos conceitos fica confuso no futuro.",Day,Consultor day
"No caso do André, técnica mil, mas didatica deve um pouco.
Parece que não tinha conhecimento dos slides antes da apresentação.",Day,Consultor day
"Eu achei o consultor de hoje muito querido e disposto, mas achei a didática um pouco a desejar. 
No meu caso, eu absorvi muito pouca coisa porque ficou corrido acompanhar e tentar fazer, meio sem entender o que eu estava fazendo.
Foi comentado sobre banco de dados, API... e que vamos ver mais pra frente, mas se é pra falar muito superficialmente sobre as coisas, acho que vale esperar e falar somente quando chegar a hora, porque com a explicação superficial não dá realmente pra entender e fica mais confuso. Acho que poderia ter sido mais lenta as explicações se os demais tópicos não tivessem sido abordados. 

",Day,Consultor day
"Eu achei o consultor de hoje muito querido e disposto, mas achei a didática um pouco a desejar. 
No meu caso, eu absorvi muito pouca coisa porque ficou corrido acompanhar e tentar fazer, meio sem entender o que eu estava fazendo.
Foi comentado sobre banco de dados, API... e que vamos ver mais pra frente, mas se é pra falar muito superficialmente sobre as coisas, acho que vale esperar e falar somente quando chegar a hora, porque com a explicação superficial não dá realmente pra entender e fica mais confuso. Acho que poderia ter sido mais lenta as explicações se os demais tópicos não tivessem sido abordados. 

",Day,Estrutura
"Eu achei o consultor de hoje muito querido e disposto, mas achei a didática um pouco a desejar. 
No meu caso, eu absorvi muito pouca coisa porque ficou corrido acompanhar e tentar fazer, meio sem entender o que eu estava fazendo.
Foi comentado sobre banco de dados, API... e que vamos ver mais pra frente, mas se é pra falar muito superficialmente sobre as coisas, acho que vale esperar e falar somente quando chegar a hora, porque com a explicação superficial não dá realmente pra entender e fica mais confuso. Acho que poderia ter sido mais lenta as explicações se os demais tópicos não tivessem sido abordados. 

",Day,Conteúdo
"Acho que a parte de código poderia ser feita com mais calma, recapitulando o que foi aprendido na aula, relembrando o funcionamento das tags, explicar como o navegador interpreta o html e css.",Day,Estrutura
"Sou desenvolvedora, então entendo que eu tenha muito mais facilidade com o conteúdo, porém basicamente tudo o que o André mostrou estava nas aulas do último slot com vídeos curtos e muito bem explicados pelo João.
Por esse motivo achei a aula de hoje um pouco repetitiva. O André parece saber muito, e assim como qualquer outro desenvolvedor não codifica exatamente como ao João, e talvez isso tenha trazido um pouco de confusão. Porém, se a aula ficar disponível para acesso futuro e a gente tiver acesso ao código, acho que a aula poderia ter sido um pouco mais fluida, com a Dani e a Malu respondendo no chat e o André construindo o site.",Day,Conteudo
"Sou desenvolvedora, então entendo que eu tenha muito mais facilidade com o conteúdo, porém basicamente tudo o que o André mostrou estava nas aulas do último slot com vídeos curtos e muito bem explicados pelo João.
Por esse motivo achei a aula de hoje um pouco repetitiva. O André parece saber muito, e assim como qualquer outro desenvolvedor não codifica exatamente como ao João, e talvez isso tenha trazido um pouco de confusão. Porém, se a aula ficar disponível para acesso futuro e a gente tiver acesso ao código, acho que a aula poderia ter sido um pouco mais fluida, com a Dani e a Malu respondendo no chat e o André construindo o site.",Day,Conteúdo
A aula pareceu um pouco corrida.,Day,Carga horária
"Velocidade das aulas poderiam ser um pouco mais lenta dado a dificuldade da matéria, digo pelas aulas de programação e exercícios em aula.",Day,Carga horária
"Dei nota oito, pois achei que algumas partes foram um pouco corridas e quem não tem muito conhecimento fica meio perdido. Principalmente por não saber o que alguns dos termos usador serão utilizados",Day,Carga horária
Alinhar o ritmo para os alunos que não tem a experiência prévia no assunto,Day,Estrutura
Poderia começar a aula ja com a atividade pratica,Day,Estrutura
"Em relação a aula de hoje, por tratar-se de aula ao vivo com pratica de desenvolvimento de site, não obtive muito aproveitamento, visto que achei complicado acompanhar a aula e digitar os códigos sem poder pausar a aula. ",Day,Estrutura
"Mais tempo no slot 2, pois na programação da rotina diária é pesado.",Slot,Carga horária slot
Ferramenta de perguntas,Day,Sistemas
Talvez habilitar a função de Q&A do zoom ajude a que algumas questões não fiquem perdidas no chat.,Day,Sistemas
"O André foi muito acelerado hoje, um pouco mais de didática seria melhor.",Day,Consultor day
"Nota de 06 hoje, pq fiquei bem perdida na parte hoje de HTML, como o curso está mesclado de nível de conhecimento 

Não recomendaria para quem não tem o conhecimento mesmo que básico em tech. 

Vai ser desafiador fazer a atividade individual sábado.",Day,Estrutura
"As aulas de html e css, pra quem está começando, são muito mais proveitosas quando feitas de forma assíncrona, uma vez que é possível pausar, voltar, revisar. Como já temos essa possibilidade, não entendi o porquê de termos o mesmo conteúdo ao vivo, sendo que é muito difícil de acompanhar. Como sugestão, em vez de uma aula ao vivo somente copiando código, seria legal ir lançando o desafio ponto a ponto, dando um tempo para concluir e, depois, vir com a explicação. Não exatamente dessa forma, mas com esse conceito.",Day,Estrutura
Aulas práticas com muita gente sempre é mais complicado pelo fato de termos níveis diferentes. Mas no geral foi muito bom!,Day,Estrutura
Hoje foi simplesmente horrível (didática + prática),Day,Day consultor
"Consultor com muito conhecimento técnico, mas falta um pouco de didática para que o pessoal que não é tech possa conseguir acompanhar aula com mais facilidade.",Day,Day consultor
"Eu acredito que possa melhorar as dinâmicas de aula. Como a classe tem muita gente, fica difícil atender todo mundo e fazer que todos sigam o mesmo ritmo",Day,Dinâmicas
"Nesta aula em específico, o tempo foi bem apertado para nivelamento entre a turma e o consultor.",Day,Carga horária
"Acho que o código poderia ser disponibilizado na integra em alguns touchpoints, ao invés do pessoal ir copiando meio correndo. O meu por ex. não funcionou em algumas partes, apesar de parecer estar certinho vs os prints",Day,Materiais
Acho que seria melhor aproveitado se fosse gravado e depois só tirassemos as duvidas juntos posteriormente,Day,Disponibilizar gravação
-,-,
NA,-,
parte de suporte,Geral,Suporte dnc
tudo top.,-,
O curso é otimo,-,
reduzir o tempo das dinamicas;,Day,Carga horária
Nessa etapa está perfeito,-,
...,-,
Acho que os days são muito longos e chega uma hora que a cabeça não consegue acompanhar.,Day,Carga horária
.,-,
As dinâmicas,Day,Dinâmicas
Poderiam Diminuir a carga horária do Day :(,Day,Carga horária
Criar um app da DNC,Geral,Plataforma
"os days são muito cansativos! poderia ser 1 dinamica e um ""aulão"" ou algo do genero ",Day,Carga horária
Diluição do conteúdo em tempo de curso,Geral,Carga horária
"O curso leva muitas coisas como verdades absolutas e sabemos que muitas vezes não são, não tenho nível técnico em todas as áreas abordadas, porém no que possuo notei isso. Feedback que não é só meu mas de muitas pessoas do meu grupo. ",Geral,Comunicação
"Projeto integrado. Muitas dificuldades com sponsors, execução dos testes, tempo de execução..",Projeto,Problemas com a empresa
Acho alguns vídeos muito básicos. Sinto falta de aulas online ensinando mexer em ferramentas,Slot,Vídeoaulas
Alguns cortes de umas aulas apenas.,Slot,Vídeoaulas
.,-,
"A plataforma tem apresentado alguns erros.
Por exemplo: 
às vezes demoro para conseguir fazer login e não imprime nenhuma mensagem para o usuário. Não sei se coloquei senha errada, se é erro do site. Seria bom se aparecesse na tela algo do tipo. ",Geral,Plataforma
N/A,-,
As vezes o site é um pouco difícil de usar,Geral,Plataforma
até agora esta fera,-,
inserir campo de procurar pela aula na plataforma,Geral,Plataforma
Tudo legal até agora,-,
.,-,
Por enquanto nada a declarar.,-,
Linguagem mais simples,Geral,Comunicação
suporte aos grupos em relação ao projeto,Projeto,Suporte projeto
Não vejo ainda.,-,
ate o momento os Days tem sido muito bons.,-,
Foi top,-,
.,-,
"No momento, tudo ok para mim.",-,
A logisitica de tempo para atividades,Day,Carga horária
não precisar logar toda vez pra responder quiz,Geral,Plataforma
"Por agora, nada.",-,
"A plataforma apresenta alguns erros, se fossem corrigidos, seria o ideal.",Geral,Plataforma
App de conexão com grupos durante days,Day,Sistemas
Não consigo pensar em nada no momento,-,
"processo de aula 
zoom e horrível",Day,Sistemas
ok,-,
"Estava perdida com o tanto de atividades, acredito que chego lá. Não sei se é uma dificuldade só minha. Mas as vezes não consigo finalizar tudo, algumas atividades estão atrasadas. Ainda não sei se reduzir o ritmo ou se realmente faz parte do projeto.",Geral,Carga horária
"Levando em consideração o projeto, eu acho que ele deveria ser mais direcionado num sentido de termos uma pessoa orientando desde o início, exemplo, marcamos a primeira reunião para diagnóstico sem entendermos de fato, sobre alguns conceitos que seriam de extrema importância nesse primeiro contato. Dividimos os papéis do grupo sem entendermos de fato como utilizar o framework do Scrum. Talvez o projeto devesse ser iniciado à partir do terceiro Day.",Projeto,Suporte projeto
"A aula de Scrum estava confusa, falava de algo em uma aula e só ia explicar 10 aulas pra frente, isso quebrava o raciocínio. Vi que foi uma questão geral, talvez o conhecimento seja grande, mas a didática não ficou tão bom. Outra questão falta acompanhamento no projeto, perguntei uma coisa no slack e ficou sem resposta.",Slot,Vídeoaulas
"A aula de Scrum estava confusa, falava de algo em uma aula e só ia explicar 10 aulas pra frente, isso quebrava o raciocínio. Vi que foi uma questão geral, talvez o conhecimento seja grande, mas a didática não ficou tão bom. Outra questão falta acompanhamento no projeto, perguntei uma coisa no slack e ficou sem resposta.",Projeto,Suporte projeto
"o módulo do Scrum, não gostei nem um pouco.",Slot,Vídeoaulas
"- Sobre o módulo de scrum, acho que seria muito importante termos uma atividade no assigment de fazer o Burndown Chart e Velocity Chart pois na dinâmica foi o que apresentou maior dificuldade!
 
 - As pessoas entram nas dinâminas muito perdido, seria legal se o facilitador fizesse também toda vez um recapitulação do que é para fazer pois se perde muito tempo só para o time se contextualizar.",Slot,Exercícios
"- Sobre o módulo de scrum, acho que seria muito importante termos uma atividade no assigment de fazer o Burndown Chart e Velocity Chart pois na dinâmica foi o que apresentou maior dificuldade!
 
 - As pessoas entram nas dinâminas muito perdido, seria legal se o facilitador fizesse também toda vez um recapitulação do que é para fazer pois se perde muito tempo só para o time se contextualizar.",Day,Dinâmica
"- Sobre o módulo de scrum, acho que seria muito importante termos uma atividade no assigment de fazer o Burndown Chart e Velocity Chart pois na dinâmica foi o que apresentou maior dificuldade!
 
 - As pessoas entram nas dinâminas muito perdido, seria legal se o facilitador fizesse também toda vez um recapitulação do que é para fazer pois se perde muito tempo só para o time se contextualizar.",Day,Facilitador
"Consegui fazer todos exercicios, mas demorei mais do que esperado pq tinha que entregar 10 e tinha 12 na lista",Slot,Exercícios
.,-,
Se for possível passar as explicações de forma mais clara e devagar ajuda quem está com bastante dificuldade.,Day,Consultor
No momento nada,-,
"melhorar a integração entre os assuntos dados nas aulas e como são resolvidos os exercícios nos days. Poderia ter também uma apostila para o curso, assim como tem em outras formações da DNC.",Day,Estrutura
"melhorar a integração entre os assuntos dados nas aulas e como são resolvidos os exercícios nos days. Poderia ter também uma apostila para o curso, assim como tem em outras formações da DNC.",Slot,Materiais
ótimo!,-,
Alguns conteúdos que foram cobrados no hackaton ou durante o day nós não vimos no material de estudos.,Day,Relação com as aulas do slot
"liberar mais listas de exercícios, mais resumos",Slot,Falta de exercícios
"Sobre consultor e Facilitadores do Day, todos foram ótimo, em especial adorei a Maria (fafcilitadora), mega gentil e atenciosa, me senti muito a vontade em falar com ela, principalmente porque eu estava bem perdida e ela ne ajudou muito com muita empatia

P.S. na minha pesquisa de satisfação ele só aparece em todos os questionários a pergunta: Em uma escala de 0 a 10, o quanto você recomendaria o CURSO (até o momento) para outras pessoas?..... Por isso eu não sei se estou escrevendo no local certo.",-,
.,-,
"Hoje o tempo foi mal calculado, acho que, se for olhar alguma coisa pra trás, precisa estar na agenda. ",Day,Carga horária
"Achei o Hackaton um pouco exagerado em termos de quantidade de atividades, mesmo eu tendo já um conhecimento prévio de Python. Poderia ter tido umas duas questões a menos, na minha opinião.",Day,Dinâmica
"Ter um exercício desafiador mas no caso ter uma competição com stress de tempo e hancking não parece ser motivadora. 
Vamos aprender por desespero e não com exemplos e aprendizado assistido ",Day,Dinâmica
"Talvez na parte da resolução das questões, fosse possível deixar  apresentação mais clara.",Day,Dinâmica
"De repente deixar mais claro pro pessoal os passos para começar os exercícios, pq notei hoje que muita gente demorou a começar por não saber mexer nas ferramentas ",Day,Dinâmica
"a única resalva que tenho é quanto ao conteúdo do slot 1, acho que quando vi as questões do day 2 não me senti preparado, me senti com medo, não consegui desenvolver o raciocínio das questões... enfim, acho que talvez, seria legal ter um modulo antes de introdução a lógica da programação rico em exercícios e focado em pessoas como eu "" mais devagar "", vou focar ao máximo e creio que irei conseguir até o fim do curso acompanhar os outros alunos.",Slot,Estrutura
"A forma como as questões são disponibilizadas durante as aulas, principalmente as de programação.",Slot,Exercícios
"a diferença é muito grande do conteudo do slot para o do day,",Day,Conteúdo
Acho que esse negocio de ranking nas atividades para quem esta começando é um pouco frustrante.,Day,Dinâmica
"Por hora, estou muito satisfeito",-,
Foi muito bom.,-,
"Esse daí com o dia completo é extremamente cansativo, acho que daria pra dividir melhor",Day,Carga horária
,-,
Poderia ter avisado o formato do evento com antecedência. Precisava ter estudado mais pra conseguir acompanhar. Sinto que não foi produtivo para mim participar,Day,Estrutura
o suporte para o aluno,Geral,Suporte dnc
,-,
MAIS TEMPO NOS EXERCICOS,Day,Dinâmica
Melhor explicação prévia das atividades,Day,Dinâmica
Acho que o nível de complexidade dos conteúdos pode ser escalado mais lentamente. Digo isso pois a grande maioria dos alunos não conseguiu desenvolver bem as tarefas do Hackathon no Day 2.,Day,Dinâmica
N/A,-,
Estátudo ótimo,-,
está ótimo!,-,
,-,
Mais atividades para fins de treino de sintaxe e de lógica,Slot,Exercícios
NA,-,
Exercícios bem complicados pra ínicio.,Day,Conteúdo
N/A,-,
"quantidade de exercícios x tempo de resolução, talvez seja possível resolver todos. ",Slot,Exercícios
"A quantidade de atividades do hackaton são muitas para o tempo que tivemos. Muita gente não conseguiu finalizar em função do tempo. Eu acho que os materiais de apoio podem melhorar, como apostilas, etc.
Se pudessem incluir o tempo das aulas, ao lado dos títulos, sem precisarmos iniciar os vídeos para sabermos, facilitaria a nossa organização de estudos.",Day,Dinâmica
Por enquanto sem sugestões.,-,
"Contunuo achando que o tempo para as tarefas é pequeno, uma vez que sou MUITO devagar",Day,Dinâmica
Resolução de todos os exercícios,Slot,Exercícios
Facilitar o cancelamento do curso com devolução de parte do dinheiro.,Geral,Suporte dnc
Está ótimo dessa forma.,-,
"O slot nao preparou muito pros exercicios do day.(O day teve conceitos q nao havia no slot);

Mas o conteudo q teve no slot e o consultor Everton foram muito bons;

Seria legal se o consultor do slot, o desse foi o Everton, estivesse no day tambem;

Didaticamente acho q o consultor do day nao estava preparado para resolver as questoes. Nao que ele nao tenha conhecimento, mas me pareceu q ele pegou as questoes para resolver de bate pronto. Acho q as resolucoes deveriam estar preparadas de antemao para nao tomar tanto o tempo fazendo por tentativa e erro.

Nas aulas graavadas nao houve esse problema (claro, pq foram gravadas)
Mas justamente pelo maior preparo de antemao q as aulas foram melhoree q as explicoes do day.",Day,Consultor day
-,-,
Aumentar o número de consultores seria bem legal,Day,Consultor day
As resoluções dos exercícios dos assignments foram muitos superficiais.,Slot,Assignment
A didática de ensino.,Slot,Didática
Muita coisa tratada no day não é trabalhada no slot,Day,Estrutura
por enquanto tudo beleza,-,
"Fortalecer a Introdução dos assuntos mais técnicos de uma maneira mais lenta, para que todos consigam acompanhar o raciocínio.",Slot,Videoaulas
"Seria interessante, disponibilizar algum material que ajude os alunos antes do DAY a se familiarizar com algumas tarefas que serão feitas durante o Day, por ex:  Subir arquivos para a mesma pasta no Colab, gerou erros e dúvidas. Os links que serão disponibilizados no dia, oque é.. para que serve. Para ficarmos menos perdidos rs. Creio que em outros Slots, teremos também tarefas e configurações, links ou ferramentas que não veremos na aula. Mas ajudaria muito já estarmos preparados sabendo o que vamos fazer. ",Day,Dinâmica
"Eu achei que foi um bocado corrido, eram varios exercicios e bem complexos, o tempo não foi o suficiente para terminar",Day,Dinâmica
Faltou uma instrução prévia para fazer os uploands dos arquivos no Google colab. Não tive dificuldade mas algumas pessoas relataram extrema dificultade o que atrasou e atrapalhou o decorrer do dia.,Day,Dinâmica
Fiquei perdidão no Hackaton ! (cry),Day,Dinâmica
tudo ótimo,-,
As questões do Hackaton não são bem escritas e nem os resultados do professor bateram exatamente com o que constava no form.,Day,Dinâmica
mais aulas presenciais,-,-
,-,
ta ótimo assim!,-,
"Senti um pouco de falta de preparo na hora da resolução dos exercícios, ele teria explicado muito melhor se já soubesse a resposta da questão",Day,Consultor day
"Acho que a explicação das questões no final ficou um pouco confusa, e pra quem tava passando mais dificuldade, nem tinha conseguido chegar nas únicas questões que foram resolvidas.",Day,Consultor day
nada em mente no momento,-,
Resolução de Cases do primeiro slot e passar mais exercícios,Slot,Exercícios
Gostei muito,-,
"Nesse day o que menos gostei foi a velocidade de como as coisas foram passadas. O consultor passou muito rápido as informações e ao meu ver com pouco didática. Não só a questão de usar termos técnicos que particularmente  não acho que seja um problema, mas o jeito de explicar para mim ficou muito superficial e sem muito apelo, principalmente se tratando de uma turma onde a maioria está realmente num nível inicial em python.",Day,Consultor day
Materiais didáticos(pdf) mais robustos e em bom formato para impressão.,Slot,Materiais
"Acho que os exercícios estão muito difíceis. Eu entendo que alguns devem ser mesmo para desafiar quem está em um nível mais avançado e até mesmo quem está no começo. Porém, como a maioria está muito difícil (não só os de hoje, mas os das aulas também), gera muita frustração e parece que a gente não aprendeu nada. Então, poderia ter mais exercícios para quem está começando, exercícios mais básicos, como os das explicações das aulas, por exemplo. Tenho tido tanta dificuldade que já pensei em desistir do curso algumas vezes, mas sou muito persistente e pelo que percebi hoje, a maioria está assim também.",Slot,Exercícios
"Eu gostaria de ver exercícios mais voltados para o mundo real. Posso estar enganado, mas achei que os exercícios não refletem o dia a dia. Pode ser que quando tivermos mais bagagem, isso mude",Slot,Exercícios
"Se possível deixar algumas coisas mais engatilhadas, muitas pessoas demoraram a conseguir iniciar os projetos e isso perde um bom tempo.",projeto,suporte projeto
Não tenho muito o que comentar pq não estava muito preparada para o Day 2.,-,-
"Os horários das mentorias. Não consigo acompanhar, pois é no momento que estou voltando do trabalho.",Geral,Suporte dnc
Mais Days,Day,Estrutura
,-,
"Nada por enquanto, nota 10!",-,
"Organização dos exercícios, atenção ao formular os enunciados pois alguns contêm muitos erros oq atrapalha. 
A formulação dos exercícios tem muita interpretação ambígua e isso é ruim e creio que não adiciona nada ao nosso conhecimento, muito pelo contrário, visto que é frustrante. Exercícios com enunciados mais limpos e diretos, sem pegadinhas desnecessárias, são o cenário ideal para um aprendizado melhor. ",Slot,Exercícios